{
  "C:/Users/ellyc/OneDrive/Desktop/DATA451/Sample_Analyzer/src/photos_src/M12_2_Apr19_3.jpg": {
    "predictions": {
      "pred_boxes": [
        [
          3294,
          1906,
          3766,
          2174
        ],
        [
          2676,
          2164,
          3085,
          2403
        ],
        [
          1846,
          2669,
          2238,
          2886
        ],
        [
          816,
          1746,
          1621,
          3206
        ],
        [
          749,
          300,
          3779,
          1672
        ],
        [
          2539,
          2868,
          2931,
          3326
        ],
        [
          3066,
          2869,
          3364,
          3082
        ]
      ],
      "pred_labels": [
        "Amphipoda",
        "Polychaeta",
        "Ostracoda",
        "Polychaeta",
        "Amphipoda",
        "Unknown",
        "Amphipoda"
      ],
      "pred_scores": [
        0.9867926836013794,
        0.958845317363739,
        0.9262135028839111,
        0.8864719867706299,
        0.8488459587097168,
        0.8203892707824707,
        0.6317479014396667
      ]
    }
  }
}