{
  "C:/Users/edwar/Desktop/Cal Poly/Ecology Project/Demo Sample/M12_2_Apr19_3.jpg": {
    "predictions": {
      "pred_boxes": [
        [
          3294,
          1906,
          3766,
          2174
        ],
        [
          2676,
          2164,
          3085,
          2403
        ],
        [
          1846,
          2669,
          2238,
          2886
        ],
        [
          816,
          1746,
          1621,
          3206
        ],
        [
          749,
          300,
          3779,
          1672
        ],
        [
          2539,
          2868,
          2931,
          3326
        ],
        [
          3066,
          2869,
          3364,
          3082
        ]
      ],
      "pred_labels": [
        "Amphipoda",
        "Polychaeta",
        "Ostracoda",
        "Polychaeta",
        "Amphipoda",
        "Unknown",
        "Amphipoda"
      ],
      "pred_scores": [
        0.9867926836013794,
        0.958845317363739,
        0.9262135028839111,
        0.8864719867706299,
        0.8488459587097168,
        0.8203892707824707,
        0.6317479610443115
      ]
    }
  },
  "C:/Users/edwar/Desktop/Cal Poly/Ecology Project/Demo Sample/M12_2_Oct19_1.jpg": {
    "predictions": {
      "pred_boxes": [
        [
          1581,
          120,
          2483,
          1986
        ],
        [
          1164,
          1572,
          2037,
          2337
        ],
        [
          3475,
          2901,
          3777,
          3117
        ],
        [
          1334,
          620,
          1881,
          1991
        ],
        [
          2314,
          2560,
          2582,
          2800
        ],
        [
          3198,
          682,
          3398,
          955
        ],
        [
          3243,
          1517,
          3818,
          2024
        ],
        [
          3644,
          2256,
          3838,
          2440
        ],
        [
          2639,
          2459,
          3090,
          3021
        ],
        [
          1338,
          2071,
          1630,
          2669
        ],
        [
          1952,
          408,
          2498,
          734
        ],
        [
          3692,
          1080,
          3910,
          1362
        ],
        [
          3227,
          2599,
          3531,
          2893
        ],
        [
          1777,
          2687,
          2041,
          2908
        ],
        [
          4671,
          1405,
          4917,
          1624
        ]
      ],
      "pred_labels": [
        "Polychaeta",
        "Polychaeta",
        "Ostracoda",
        "Polychaeta",
        "Ostracoda",
        "Ostracoda",
        "Unknown",
        "Ostracoda",
        "Polychaeta",
        "Polychaeta",
        "Polychaeta",
        "Ostracoda",
        "Unknown",
        "Ostracoda",
        "Polychaeta"
      ],
      "pred_scores": [
        0.9645436406135559,
        0.9480783939361572,
        0.9209698438644409,
        0.9191677570343018,
        0.8926985859870911,
        0.8663759231567383,
        0.8460352420806885,
        0.8366411328315735,
        0.834285318851471,
        0.833152711391449,
        0.7514361143112183,
        0.7448616623878479,
        0.7316444516181946,
        0.696590781211853,
        0.5825551152229309
      ]
    }
  },
  "C:/Users/edwar/Desktop/Cal Poly/Ecology Project/Demo Sample/M12_3_Oct19_7.jpg": {
    "predictions": {
      "pred_boxes": [
        [
          2370,
          1182,
          3450,
          1613
        ],
        [
          2899,
          118,
          4410,
          1732
        ],
        [
          1566,
          1187,
          2335,
          3164
        ],
        [
          2192,
          482,
          2817,
          921
        ],
        [
          2710,
          1790,
          4904,
          3237
        ],
        [
          1465,
          138,
          2319,
          1057
        ]
      ],
      "pred_labels": [
        "Polychaeta",
        "Polychaeta",
        "Unknown",
        "Unknown",
        "Unknown",
        "Unknown"
      ],
      "pred_scores": [
        0.9558277130126953,
        0.9424079656600952,
        0.9362165331840515,
        0.923790693283081,
        0.9198639392852783,
        0.728400468826294
      ]
    }
  }
}