{
  "C:/Users/ellyc/OneDrive/Desktop/DATA451/Sample_Analyzer/public/photos/M12_2_Apr19_3.jpg": {
    "predictions": {
      "pred_boxes": [
        [
          3294,
          1906,
          3766,
          2174
        ],
        [
          2676,
          2164,
          3085,
          2403
        ],
        [
          1846,
          2669,
          2238,
          2886
        ],
        [
          816,
          1746,
          1621,
          3206
        ],
        [
          749,
          300,
          3779,
          1672
        ],
        [
          2539,
          2868,
          2931,
          3326
        ],
        [
          3066,
          2869,
          3364,
          3082
        ]
      ],
      "pred_labels": [
        "Amphipoda",
        "Polychaeta",
        "Ostracoda",
        "Polychaeta",
        "Amphipoda",
        "Unknown",
        "Amphipoda"
      ],
      "pred_scores": [
        0.9867926836013794,
        0.958845317363739,
        0.9262135028839111,
        0.8864719867706299,
        0.8488459587097168,
        0.8203892707824707,
        0.6317479610443115
      ]
    }
  },
  "C:/Users/ellyc/OneDrive/Desktop/DATA451/Sample_Analyzer/public/photos/M12_2_Apr19_7.jpg": {
    "predictions": {
      "pred_boxes": [
        [
          1036,
          1606,
          1591,
          1785
        ],
        [
          2283,
          1611,
          2650,
          2239
        ],
        [
          980,
          2286,
          2135,
          2999
        ],
        [
          830,
          2079,
          1388,
          2499
        ],
        [
          2694,
          2480,
          3166,
          2979
        ],
        [
          1762,
          901,
          3116,
          1541
        ],
        [
          1146,
          588,
          1475,
          1046
        ],
        [
          652,
          1250,
          1016,
          1654
        ]
      ],
      "pred_labels": [
        "Polychaeta",
        "Amphipoda",
        "Amphipoda",
        "Amphipoda",
        "Amphipoda",
        "Amphipoda",
        "Unknown",
        "Polychaeta"
      ],
      "pred_scores": [
        0.934607207775116,
        0.8998726010322571,
        0.8972257971763611,
        0.8116341233253479,
        0.6418544054031372,
        0.6221505999565125,
        0.5046268105506897,
        0.4465441107749939
      ]
    }
  },
  "C:/Users/ellyc/OneDrive/Desktop/DATA451/Sample_Analyzer/public/photos/M12_3_Oct19_6a.jpg": {
    "predictions": {
      "pred_boxes": [
        [
          2079,
          274,
          2602,
          1199
        ],
        [
          4119,
          1817,
          4465,
          2656
        ],
        [
          3330,
          235,
          4959,
          1158
        ],
        [
          1713,
          1277,
          2195,
          1671
        ],
        [
          3322,
          2248,
          3654,
          2726
        ],
        [
          2575,
          498,
          3134,
          1691
        ],
        [
          1732,
          1941,
          2318,
          2334
        ],
        [
          2826,
          2173,
          3435,
          2974
        ],
        [
          3138,
          499,
          3352,
          1281
        ],
        [
          3389,
          626,
          3868,
          1078
        ],
        [
          2569,
          2741,
          3104,
          2980
        ],
        [
          4167,
          1079,
          4741,
          1958
        ],
        [
          1854,
          2270,
          2397,
          3236
        ],
        [
          2632,
          1434,
          2840,
          1696
        ],
        [
          3627,
          2237,
          3837,
          2561
        ],
        [
          2266,
          1818,
          2726,
          2261
        ],
        [
          3085,
          1462,
          3920,
          2053
        ],
        [
          505,
          869,
          559,
          946
        ],
        [
          827,
          739,
          971,
          859
        ]
      ],
      "pred_labels": [
        "Polychaeta",
        "Polychaeta",
        "Polychaeta",
        "Amphipoda",
        "Polychaeta",
        "Polychaeta",
        "Polychaeta",
        "Polychaeta",
        "Polychaeta",
        "Polychaeta",
        "Polychaeta",
        "Polychaeta",
        "Polychaeta",
        "Ostracoda",
        "Unknown",
        "Polychaeta",
        "Unknown",
        "Ostracoda",
        "Polychaeta"
      ],
      "pred_scores": [
        0.9483565092086792,
        0.942848265171051,
        0.9413784146308899,
        0.9364452362060547,
        0.9329284429550171,
        0.9323640465736389,
        0.9110310673713684,
        0.8985322117805481,
        0.8724516034126282,
        0.8278482556343079,
        0.8055023550987244,
        0.7898033261299133,
        0.7644129395484924,
        0.7534852623939514,
        0.7012073993682861,
        0.6689209342002869,
        0.6480128765106201,
        0.5987673401832581,
        0.5600814819335938
      ]
    }
  }
}