{
  "C:/Users/edwar/Desktop/Cal Poly/Ecology Project/forge-test-2/src/photos_src/M12_2_Oct19_10.jpg": {
    "predictions": {
      "pred_boxes": [
        [
          3179,
          857,
          3764,
          1424
        ],
        [
          3747,
          1429,
          3953,
          1687
        ]
      ],
      "pred_labels": [
        "Amphipoda",
        "Ostracoda"
      ],
      "pred_scores": [
        0.9058972001075745,
        0.7991083264350891
      ]
    }
  }
}